{
  "scenario_display": "GWAS-like additive score: Binomial(2, maf=0.15) dosages, n=40, right-tail treated dosage sum with a near-extreme but non-max case set.",
  "exact_p": 9.121811124035818e-07,
  "notebook_config": {
    "FAST_MODE": false,
    "SCENARIO_KEYS_TO_RUN": [
      "hypergeom_1e7",
      "gwas_additive_score_n40",
      "linear_stat_dp_n40",
      "bruteforce_welch_nonextreme_n22"
    ],
    "Q_LOG10_BOUNDS": [
      -3.0,
      3.0
    ],
    "TRIALS_PER_SCENARIO": 64,
    "TRIAL_REPEATS": 3,
    "TRIAL_BUDGET": 200000,
    "FINAL_REPEATS": 7,
    "FINAL_ESTIMATION_POINTS": [
      333000,
      1000000,
      2500000,
      5000000,
      10000000
    ],
    "N_JOBS": 7,
    "BASE_SEED": 31415,
    "PRODUCTION_BASELINE_ROOT": "/Users/noamchowers/Documents/University/Thesis/Code/MCMCIS/results/cross_method_notebook/20260307_150041_cross_method"
  },
  "trial_context": {
    "exact_p": 9.121811124035818e-07,
    "p0_for_qtarget": 9.121811124035818e-07,
    "q_target": 0.030904396624839247,
    "sigma_t": 2.015638394506036,
    "pilot_samples": 20000,
    "q_log10_bounds": [
      -3.0,
      3.0
    ],
    "q_clip_min": 1e-06,
    "q_clip_max": 0.95,
    "trials_per_scenario": 64,
    "trial_repeats": 3,
    "trial_budget": 200000,
    "n_swap_pairs_min": 1,
    "n_swap_pairs_max": 10,
    "sampler": "RandomSampler",
    "study_direction": "minimize",
    "study_anchor_objective": "objective_oracle_rmse",
    "study_name": "no-name-8699913b-9cec-4572-b02e-9d611365d8a8"
  },
  "objective_best": {
    "oracle_rmse": {
      "trial_number": 62,
      "n_runs": 3,
      "exact_p": 9.121811124035818e-07,
      "mean_estimate": 9.064615329855983e-07,
      "median_estimate": 9.031550102323409e-07,
      "bias": -5.719579417983531e-09,
      "rel_bias": -0.0062702234679169536,
      "rmse": 4.565642362353653e-08,
      "mean_abs_log10_error": 0.019125419197134324,
      "empirical_var": 3.0776931440598067e-15,
      "mean_variance_estimate": 2.8355120444841823e-14,
      "var_calibration_ratio": 0.10854100055920166,
      "mean_wall_time_sec": 8.583295930720245,
      "mean_eval_excl_tuning": 200002.0,
      "mean_eval_incl_tuning": 200002.0,
      "mean_q_tilt_tail_share": 0.004793749999999999,
      "mean_ess": 749.4696367058417,
      "mean_acceptance_rate": 0.464245,
      "mean_zero_rate": 0.0,
      "mean_weight_cv": 14.583216489450196,
      "mean_samc_max_rel_freq_error": NaN,
      "beta": 2.7001953125,
      "sigma_t": 2.015638394506036,
      "proposal_size": 2,
      "n_swap_pairs": 2,
      "log10_q_multiplier": -0.7738069032687687,
      "q_multiplier": 0.16834223807432933,
      "q_target": 0.030904396624839247,
      "q_trial": 0.005202515294162188,
      "q_trial_raw": 0.005202515294162188,
      "q_clipped": 0,
      "mean_tail_hits": 767.0,
      "objective_oracle_rmse": 4.565642362353653e-08,
      "objective_oracle_abs_log10": 0.019125419197134324,
      "objective_diag_selection_objective_p0": 2.8453758859105163e-14,
      "objective_diag_variance_estimate": 2.941159883965832e-14,
      "objective_diag_repeat_stability": 2.0517954293732046e-15,
      "selected_objective": "oracle_rmse",
      "selected_objective_value": 4.565642362353653e-08
    },
    "oracle_abs_log10": {
      "trial_number": 62,
      "n_runs": 3,
      "exact_p": 9.121811124035818e-07,
      "mean_estimate": 9.064615329855983e-07,
      "median_estimate": 9.031550102323409e-07,
      "bias": -5.719579417983531e-09,
      "rel_bias": -0.0062702234679169536,
      "rmse": 4.565642362353653e-08,
      "mean_abs_log10_error": 0.019125419197134324,
      "empirical_var": 3.0776931440598067e-15,
      "mean_variance_estimate": 2.8355120444841823e-14,
      "var_calibration_ratio": 0.10854100055920166,
      "mean_wall_time_sec": 8.583295930720245,
      "mean_eval_excl_tuning": 200002.0,
      "mean_eval_incl_tuning": 200002.0,
      "mean_q_tilt_tail_share": 0.004793749999999999,
      "mean_ess": 749.4696367058417,
      "mean_acceptance_rate": 0.464245,
      "mean_zero_rate": 0.0,
      "mean_weight_cv": 14.583216489450196,
      "mean_samc_max_rel_freq_error": NaN,
      "beta": 2.7001953125,
      "sigma_t": 2.015638394506036,
      "proposal_size": 2,
      "n_swap_pairs": 2,
      "log10_q_multiplier": -0.7738069032687687,
      "q_multiplier": 0.16834223807432933,
      "q_target": 0.030904396624839247,
      "q_trial": 0.005202515294162188,
      "q_trial_raw": 0.005202515294162188,
      "q_clipped": 0,
      "mean_tail_hits": 767.0,
      "objective_oracle_rmse": 4.565642362353653e-08,
      "objective_oracle_abs_log10": 0.019125419197134324,
      "objective_diag_selection_objective_p0": 2.8453758859105163e-14,
      "objective_diag_variance_estimate": 2.941159883965832e-14,
      "objective_diag_repeat_stability": 2.0517954293732046e-15,
      "selected_objective": "oracle_abs_log10",
      "selected_objective_value": 0.019125419197134324
    },
    "diag_selection_objective_p0": {
      "trial_number": 62,
      "n_runs": 3,
      "exact_p": 9.121811124035818e-07,
      "mean_estimate": 9.064615329855983e-07,
      "median_estimate": 9.031550102323409e-07,
      "bias": -5.719579417983531e-09,
      "rel_bias": -0.0062702234679169536,
      "rmse": 4.565642362353653e-08,
      "mean_abs_log10_error": 0.019125419197134324,
      "empirical_var": 3.0776931440598067e-15,
      "mean_variance_estimate": 2.8355120444841823e-14,
      "var_calibration_ratio": 0.10854100055920166,
      "mean_wall_time_sec": 8.583295930720245,
      "mean_eval_excl_tuning": 200002.0,
      "mean_eval_incl_tuning": 200002.0,
      "mean_q_tilt_tail_share": 0.004793749999999999,
      "mean_ess": 749.4696367058417,
      "mean_acceptance_rate": 0.464245,
      "mean_zero_rate": 0.0,
      "mean_weight_cv": 14.583216489450196,
      "mean_samc_max_rel_freq_error": NaN,
      "beta": 2.7001953125,
      "sigma_t": 2.015638394506036,
      "proposal_size": 2,
      "n_swap_pairs": 2,
      "log10_q_multiplier": -0.7738069032687687,
      "q_multiplier": 0.16834223807432933,
      "q_target": 0.030904396624839247,
      "q_trial": 0.005202515294162188,
      "q_trial_raw": 0.005202515294162188,
      "q_clipped": 0,
      "mean_tail_hits": 767.0,
      "objective_oracle_rmse": 4.565642362353653e-08,
      "objective_oracle_abs_log10": 0.019125419197134324,
      "objective_diag_selection_objective_p0": 2.8453758859105163e-14,
      "objective_diag_variance_estimate": 2.941159883965832e-14,
      "objective_diag_repeat_stability": 2.0517954293732046e-15,
      "selected_objective": "diag_selection_objective_p0",
      "selected_objective_value": 2.8453758859105163e-14
    },
    "diag_variance_estimate": {
      "trial_number": 62,
      "n_runs": 3,
      "exact_p": 9.121811124035818e-07,
      "mean_estimate": 9.064615329855983e-07,
      "median_estimate": 9.031550102323409e-07,
      "bias": -5.719579417983531e-09,
      "rel_bias": -0.0062702234679169536,
      "rmse": 4.565642362353653e-08,
      "mean_abs_log10_error": 0.019125419197134324,
      "empirical_var": 3.0776931440598067e-15,
      "mean_variance_estimate": 2.8355120444841823e-14,
      "var_calibration_ratio": 0.10854100055920166,
      "mean_wall_time_sec": 8.583295930720245,
      "mean_eval_excl_tuning": 200002.0,
      "mean_eval_incl_tuning": 200002.0,
      "mean_q_tilt_tail_share": 0.004793749999999999,
      "mean_ess": 749.4696367058417,
      "mean_acceptance_rate": 0.464245,
      "mean_zero_rate": 0.0,
      "mean_weight_cv": 14.583216489450196,
      "mean_samc_max_rel_freq_error": NaN,
      "beta": 2.7001953125,
      "sigma_t": 2.015638394506036,
      "proposal_size": 2,
      "n_swap_pairs": 2,
      "log10_q_multiplier": -0.7738069032687687,
      "q_multiplier": 0.16834223807432933,
      "q_target": 0.030904396624839247,
      "q_trial": 0.005202515294162188,
      "q_trial_raw": 0.005202515294162188,
      "q_clipped": 0,
      "mean_tail_hits": 767.0,