{
  "scenario": {
    "key": "poisson_diffmeans_righttail_tiny_n200",
    "display_name": "Poisson benchmark: treated~Pois(3), control~Pois(2), right-tail difference in means, n1=n2=100.",
    "exact_p": 1.1304419213592634e-07,
    "exact_tail_hits": 10235983688407281097742818333791018059820045140647870,
    "exact_n_perm": 90548514656103281165404177077484163874504589675413336841320,
    "exact_method": "LinearStatisticDPSolver"
  },
  "beta_workflow": {
    "beta0_formula": 3.9994358369446745,
    "beta0_laplace": 3.6142578125,
    "beta_hat_tuned": 3.38836669921875,
    "beta_used": 3.049530029296875,
    "sigma_t": 0.2407030208539403,
    "p0_for_qtarget": 1.1304419213592634e-07,
    "q_target": 0.01833631510669282,
    "q_hat_beta_hat": 0.017916666666666668,
    "bracket_succeeded": true,
    "n_short_chain_calls": 5,
    "tuning_eval_total": 80005,
    "tuning_wall_time_sec": 6.099814957997296,
    "local_scan": {
      "enabled": true,
      "selected_beta": 3.049530029296875,
      "selected_reason": "min_scan_variance",
      "steps_per_chain": 40000,
      "burn_in": 8000,
      "scan_eval_total": 400010,
      "scan_wall_time_sec": 38.274020084005315,
      "rows": [
        {
          "beta": 2.371856689453125,
          "estimate": 1.0345337590676602e-07,
          "variance_estimate": 1.47299229112981e-15,
          "q_hat": 0.001109375,
          "ess": 223.88380871157688,
          "acceptance_rate": 0.5224875,
          "weight_cv": 16.877872075674226,
          "score": -34.15148049089276
        },
        {
          "beta": 3.049530029296875,
          "estimate": 9.798760915741769e-08,
          "variance_estimate": 7.917490347339536e-16,
          "q_hat": 0.004984375,
          "ess": 251.24918263474785,
          "acceptance_rate": 0.4217375,
          "weight_cv": 15.928816554799532,
          "score": -34.77228720762991
        },
        {
          "beta": 3.38836669921875,
          "estimate": 1.2247009696389863e-07,
          "variance_estimate": 2.2217102650531467e-15,
          "q_hat": 0.011890625,
          "ess": 32.55062083583538,
          "acceptance_rate": 0.3675125,
          "weight_cv": 44.3302192173676,
          "score": -33.740499105960716
        },
        {
          "beta": 3.896621704101562,
          "estimate": 1.2691833218165213e-07,
          "variance_estimate": 1.6164203962010252e-15,
          "q_hat": 0.025140625,
          "ess": 106.48506178458129,
          "acceptance_rate": 0.31525,
          "weight_cv": 24.495372412459904,
          "score": -34.05856232247993
        },
        {
          "beta": 4.5742950439453125,
          "estimate": 1.1130353449943821e-07,
          "variance_estimate": 2.2914337352572246e-15,
          "q_hat": 0.067484375,
          "ess": 47.914220230279746,
          "acceptance_rate": 0.2541125,
          "weight_cv": 36.533825019253094,
          "score": -33.709598687988986
        }
      ]
    },
    "history_tail": [
      {
        "stage": "bisect",
        "iter": 1,
        "beta": 2.710693359375,
        "q_hat": 0.003958333333333334,
        "accept_rate": 0.47241666666666665
      },
      {
        "stage": "bisect:rep1",
        "iter": 2,
        "beta": 3.1624755859375,
        "q_hat": 0.008125,
        "accept_rate": 0.41583333333333333
      },
      {
        "stage": "bisect",
        "iter": 2,
        "beta": 3.1624755859375,
        "q_hat": 0.008125,
        "accept_rate": 0.41583333333333333
      },
      {
        "stage": "bisect:rep1",
        "iter": 3,
        "beta": 3.38836669921875,
        "q_hat": 0.017916666666666668,
        "accept_rate": 0.37175
      },
      {
        "stage": "bisect",
        "iter": 3,
        "beta": 3.38836669921875,
        "q_hat": 0.017916666666666668,
        "accept_rate": 0.37175
      }
    ]
  },
  "samc_setup": {
    "lambda_min": -0.8399999999999999,
    "n_bins": 40,
    "bin_edges": [
      -0.8399999999999999,
      -0.787179487179487,
      -0.7343589743589742,
      -0.6815384615384614,
      -0.6287179487179486,
      -0.5758974358974358,
      -0.5230769230769229,
      -0.4702564102564101,
      -0.41743589743589726,
      -0.36461538461538445,
      -0.31179487179487164,
      -0.25897435897435883,
      -0.2061538461538459,
      -0.1533333333333331,
      -0.10051282051282029,
      -0.04769230769230748,
      0.005128205128205332,
      0.05794871794871814,
      0.11076923076923095,
      0.16358974358974376,
      0.21641025641025657,
      0.2692307692307694,
      0.3220512820512822,
      0.374871794871795,
      0.42769230769230804,
      0.48051282051282085,
      0.5333333333333337,
      0.5861538461538465,
      0.6389743589743593,
      0.6917948717948721,
      0.7446153846153849,
      0.7974358974358977,
      0.8502564102564105,
      0.9030769230769233,
      0.9558974358974361,
      1.008717948717949,
      1.0615384615384618,
      1.1143589743589746,
      1.1671794871794874,
      1.2200000000000002,
      "inf"
    ]
  },
  "iid_density_summary": {
    "n_samples": 120000,
    "t_obs": 1.2200000000000002,
    "t_min": -0.98,
    "t_max": 1.1,
    "t_mean": 1.766666666666702e-05,
    "t_sd": 0.23989701806410502
  },
  "cross_plot_path": "/Users/noamchowers/Documents/University/Thesis/Code/MCMCIS/results/simulation_study_configurable/20260301_112219/poisson_diffmeans_righttail_tiny_n200/plots/cross_method_comparison.png",
  "density_plot_path": "/Users/noamchowers/Documents/University/Thesis/Code/MCMCIS/results/simulation_study_configurable/20260301_112219/poisson_diffmeans_righttail_tiny_n200/plots/iid_stat_density.png",
  "elapsed_sec_cross": 1090.3649366669706
}