{
  "scenario_display": "Brute-force benchmark (non-DP statistic): right-tail Welch t-statistic, n=22 with non-extreme observed labeling.",
  "exact_p": 1.5593281847151816e-05,
  "notebook_config": {
    "FAST_MODE": false,
    "SCENARIO_KEYS_TO_RUN": [
      "hypergeom_1e7",
      "gwas_additive_score_n40",
      "linear_stat_dp_n40",
      "bruteforce_welch_nonextreme_n22"
    ],
    "Q_LOG10_BOUNDS": [
      -3.0,
      3.0
    ],
    "TRIALS_PER_SCENARIO": 64,
    "TRIAL_REPEATS": 3,
    "TRIAL_BUDGET": 200000,
    "FINAL_REPEATS": 7,
    "FINAL_ESTIMATION_POINTS": [
      333000,
      1000000,
      2500000,
      5000000,
      10000000
    ],
    "N_JOBS": 7,
    "BASE_SEED": 31415,
    "PRODUCTION_BASELINE_ROOT": "/Users/noamchowers/Documents/University/Thesis/Code/MCMCIS/results/cross_method_notebook/20260307_150041_cross_method"
  },
  "trial_context": {
    "exact_p": 1.5593281847151816e-05,
    "p0_for_qtarget": 1.5593281847151816e-05,
    "q_target": 0.06283974039419676,
    "sigma_t": 1.0600657236865954,
    "pilot_samples": 20000,
    "q_log10_bounds": [
      -3.0,
      3.0
    ],
    "q_clip_min": 1e-06,
    "q_clip_max": 0.95,
    "trials_per_scenario": 64,
    "trial_repeats": 3,
    "trial_budget": 200000,
    "n_swap_pairs_min": 1,
    "n_swap_pairs_max": 5,
    "sampler": "RandomSampler",
    "study_direction": "minimize",
    "study_anchor_objective": "objective_oracle_rmse",
    "study_name": "no-name-a24081ac-cb44-471c-8b3a-91ffb254e00c"
  },
  "objective_best": {
    "oracle_rmse": {
      "trial_number": 18,
      "n_runs": 3,
      "exact_p": 1.5593281847151816e-05,
      "mean_estimate": 1.5839095662836632e-05,
      "median_estimate": 1.588499745593405e-05,
      "bias": 2.4581381568481605e-07,
      "rel_bias": 0.015764084693288286,
      "rmse": 2.63873754904228e-07,
      "mean_abs_log10_error": 0.006784865877806763,
      "empirical_var": 1.380738981859181e-14,
      "mean_variance_estimate": 1.7249112161229047e-12,
      "var_calibration_ratio": 0.008004695945816145,
      "mean_wall_time_sec": 11.93685591702039,
      "mean_eval_excl_tuning": 200002.0,
      "mean_eval_incl_tuning": 200002.0,
      "mean_q_tilt_tail_share": 0.030812500000000003,
      "mean_ess": 14372.771262014086,
      "mean_acceptance_rate": 0.5340116666666667,
      "mean_zero_rate": 0.0,
      "mean_weight_cv": 3.1946308761042217,
      "mean_samc_max_rel_freq_error": NaN,
      "beta": 1.5380859375,
      "sigma_t": 1.0600657236865954,
      "proposal_size": 1,
      "n_swap_pairs": 1,
      "log10_q_multiplier": -0.36753519704051163,
      "q_multiplier": 0.4290074192751008,
      "q_target": 0.06283974039419676,
      "q_trial": 0.02695871485443166,
      "q_trial_raw": 0.02695871485443166,
      "q_clipped": 0,
      "mean_tail_hits": 4930.0,
      "objective_oracle_rmse": 2.63873754904228e-07,
      "objective_oracle_abs_log10": 0.006784865877806763,
      "objective_diag_selection_objective_p0": 1.714742302381006e-12,
      "objective_diag_variance_estimate": 1.7523615959612383e-12,
      "objective_diag_repeat_stability": 9.204926545727874e-15,
      "selected_objective": "oracle_rmse",
      "selected_objective_value": 2.63873754904228e-07
    },
    "oracle_abs_log10": {
      "trial_number": 18,
      "n_runs": 3,
      "exact_p": 1.5593281847151816e-05,
      "mean_estimate": 1.5839095662836632e-05,
      "median_estimate": 1.588499745593405e-05,
      "bias": 2.4581381568481605e-07,
      "rel_bias": 0.015764084693288286,
      "rmse": 2.63873754904228e-07,
      "mean_abs_log10_error": 0.006784865877806763,
      "empirical_var": 1.380738981859181e-14,
      "mean_variance_estimate": 1.7249112161229047e-12,
      "var_calibration_ratio": 0.008004695945816145,
      "mean_wall_time_sec": 11.93685591702039,
      "mean_eval_excl_tuning": 200002.0,
      "mean_eval_incl_tuning": 200002.0,
      "mean_q_tilt_tail_share": 0.030812500000000003,
      "mean_ess": 14372.771262014086,
      "mean_acceptance_rate": 0.5340116666666667,
      "mean_zero_rate": 0.0,
      "mean_weight_cv": 3.1946308761042217,
      "mean_samc_max_rel_freq_error": NaN,
      "beta": 1.5380859375,
      "sigma_t": 1.0600657236865954,
      "proposal_size": 1,
      "n_swap_pairs": 1,
      "log10_q_multiplier": -0.36753519704051163,
      "q_multiplier": 0.4290074192751008,
      "q_target": 0.06283974039419676,
      "q_trial": 0.02695871485443166,
      "q_trial_raw": 0.02695871485443166,
      "q_clipped": 0,
      "mean_tail_hits": 4930.0,
      "objective_oracle_rmse": 2.63873754904228e-07,
      "objective_oracle_abs_log10": 0.006784865877806763,
      "objective_diag_selection_objective_p0": 1.714742302381006e-12,
      "objective_diag_variance_estimate": 1.7523615959612383e-12,
      "objective_diag_repeat_stability": 9.204926545727874e-15,
      "selected_objective": "oracle_abs_log10",
      "selected_objective_value": 0.006784865877806763
    },
    "diag_selection_objective_p0": {
      "trial_number": 47,
      "n_runs": 3,
      "exact_p": 1.5593281847151816e-05,
      "mean_estimate": 1.573503857628235e-05,
      "median_estimate": 1.53275438141034e-05,
      "bias": 1.4175672913053383e-07,
      "rel_bias": 0.009090884813091884,
      "rmse": 1.2089386637153214e-06,
      "mean_abs_log10_error": 0.028487780720202416,
      "empirical_var": 2.1621565835579987e-12,
      "mean_variance_estimate": 1.5239291529215184e-12,
      "var_calibration_ratio": 1.4188038724851066,
      "mean_wall_time_sec": 11.875222346978262,
      "mean_eval_excl_tuning": 200002.0,
      "mean_eval_incl_tuning": 200002.0,
      "mean_q_tilt_tail_share": 0.05379583333333334,
      "mean_ess": 6119.91868977312,
      "mean_acceptance_rate": 0.4672866666666667,
      "mean_zero_rate": 0.0,
      "mean_weight_cv": 5.64969955896887,
      "mean_samc_max_rel_freq_error": NaN,
      "beta": 1.693359375,
      "sigma_t": 1.0600657236865954,
      "proposal_size": 1,
      "n_swap_pairs": 1,
      "log10_q_multiplier": -0.14993093334960728,
      "q_multiplier": 0.7080583792574254,
      "q_target": 0.06283974039419676,
      "q_trial": 0.04449420473647233,
      "q_trial_raw": 0.04449420473647233,
      "q_clipped": 0,
      "mean_tail_hits": 8607.333333333334,
      "objective_oracle_rmse": 1.2089386637153214e-06,
      "objective_oracle_abs_log10": 0.028487780720202416,
      "objective_diag_selection_objective_p0": 1.5181269209141799e-12,
      "objective_diag_variance_estimate": 1.4306813360687694e-12,
      "objective_diag_repeat_stability": 1.4414377223719992e-12,
      "selected_objective": "diag_selection_objective_p0",
      "selected_objective_value": 1.5181269209141799e-12
    },
    "diag_variance_estimate": {
      "trial_number": 47,
      "n_runs": 3,
      "exact_p": 1.5593281847151816e-05,
      "mean_estimate": 1.573503857628235e-05,
      "median_estimate": 1.53275438141034e-05,
      "bias": 1.4175672913053383e-07,
      "rel_bias": 0.009090884813091884,
      "rmse": 1.2089386637153214e-06,
      "mean_abs_log10_error": 0.028487780720202416,
      "empirical_var": 2.1621565835579987e-12,
      "mean_variance_estimate": 1.5239291529215184e-12,
      "var_calibration_ratio": 1.4188038724851066,
      "mean_wall_time_sec": 11.875222346978262,
      "mean_eval_excl_tuning": 200002.0,
      "mean_eval_incl_tuning": 200002.0,
      "mean_q_tilt_tail_share": 0.05379583333333334,
      "mean_ess": 6119.91868977312,
      "mean_acceptance_rate": 0.4672866666666667,
      "mean_zero_rate": 0.0,
      "mean_weight_cv": 5.64969955896887,
      "mean_samc_max_rel_freq_error": NaN,
      "beta": 1.693359375,
      "sigma_t": 1.0600657236865954,
      "proposal_size": 1,
      "n_swap_pairs": 1,
      "log10_q_multiplier": -0.14993093334960728,
      "q_multiplier": 0.7080583792574254,
      "q_target": 0.06283974039419676,
      "q_trial": 0.04449420473647233,
      "q_trial_raw": 0.04449420473647233,
      "q_clipped": 0,
      "mean_tail_hits": 8607.333333333334,