{
  "scenario_display": "Binary treated-successes with exact p around 1e-7.",
  "exact_p": 3.8542863904376695e-07,
  "notebook_config": {
    "FAST_MODE": false,
    "SCENARIO_KEYS_TO_RUN": [
      "hypergeom_1e7",
      "gwas_additive_score_n40",
      "linear_stat_dp_n40",
      "bruteforce_welch_nonextreme_n22"
    ],
    "Q_LOG10_BOUNDS": [
      -3.0,
      3.0
    ],
    "TRIALS_PER_SCENARIO": 64,
    "TRIAL_REPEATS": 3,
    "TRIAL_BUDGET": 200000,
    "FINAL_REPEATS": 7,
    "FINAL_ESTIMATION_POINTS": [
      333000,
      1000000,
      2500000,
      5000000,
      10000000
    ],
    "N_JOBS": 7,
    "BASE_SEED": 31415,
    "PRODUCTION_BASELINE_ROOT": "/Users/noamchowers/Documents/University/Thesis/Code/MCMCIS/results/cross_method_notebook/20260307_150041_cross_method"
  },
  "trial_context": {
    "exact_p": 3.8542863904376695e-07,
    "p0_for_qtarget": 3.8542863904376695e-07,
    "q_target": 0.024916440223237257,
    "sigma_t": 1.5479456213906027,
    "pilot_samples": 20000,
    "q_log10_bounds": [
      -3.0,
      3.0
    ],
    "q_clip_min": 1e-06,
    "q_clip_max": 0.95,
    "trials_per_scenario": 64,
    "trial_repeats": 3,
    "trial_budget": 200000,
    "n_swap_pairs_min": 1,
    "n_swap_pairs_max": 10,
    "sampler": "RandomSampler",
    "study_direction": "minimize",
    "study_anchor_objective": "objective_oracle_rmse",
    "study_name": "no-name-05a0d2ce-1c70-44c7-9385-97924793c908"
  },
  "objective_best": {
    "oracle_rmse": {
      "trial_number": 43,
      "n_runs": 3,
      "exact_p": 3.8542863904376695e-07,
      "mean_estimate": 4.114844242999122e-07,
      "median_estimate": 4.1072327349419203e-07,
      "bias": 2.605578525614527e-08,
      "rel_bias": 0.06760209962806249,
      "rmse": 2.669630757674288e-08,
      "mean_abs_log10_error": 0.028366158738797036,
      "empirical_var": 5.068333937655287e-17,
      "mean_variance_estimate": 6.276580581014197e-15,
      "var_calibration_ratio": 0.008074992222654334,
      "mean_wall_time_sec": 5.51484838865387,
      "mean_eval_excl_tuning": 200002.0,
      "mean_eval_incl_tuning": 200002.0,
      "mean_q_tilt_tail_share": 0.0029687500000000005,
      "mean_ess": 2261.3976577806325,
      "mean_acceptance_rate": 0.6426566666666668,
      "mean_zero_rate": 0.0,
      "mean_weight_cv": 8.368451959250672,
      "mean_samc_max_rel_freq_error": NaN,
      "beta": 2.453125,
      "sigma_t": 1.5479456213906027,
      "proposal_size": 1,
      "n_swap_pairs": 1,
      "log10_q_multiplier": -0.9302915899707178,
      "q_multiplier": 0.11741089808845882,
      "q_target": 0.024916440223237257,
      "q_trial": 0.0029254616237776856,
      "q_trial_raw": 0.0029254616237776856,
      "q_clipped": 0,
      "mean_tail_hits": 475.0,
      "objective_oracle_rmse": 2.669630757674288e-08,
      "objective_oracle_abs_log10": 0.028366158738797036,
      "objective_diag_selection_objective_p0": 6.1675541683047314e-15,
      "objective_diag_variance_estimate": 6.204562843346992e-15,
      "objective_diag_repeat_stability": 3.378889291770191e-17,
      "selected_objective": "oracle_rmse",
      "selected_objective_value": 2.669630757674288e-08
    },
    "oracle_abs_log10": {
      "trial_number": 43,
      "n_runs": 3,
      "exact_p": 3.8542863904376695e-07,
      "mean_estimate": 4.114844242999122e-07,
      "median_estimate": 4.1072327349419203e-07,
      "bias": 2.605578525614527e-08,
      "rel_bias": 0.06760209962806249,
      "rmse": 2.669630757674288e-08,
      "mean_abs_log10_error": 0.028366158738797036,
      "empirical_var": 5.068333937655287e-17,
      "mean_variance_estimate": 6.276580581014197e-15,
      "var_calibration_ratio": 0.008074992222654334,
      "mean_wall_time_sec": 5.51484838865387,
      "mean_eval_excl_tuning": 200002.0,
      "mean_eval_incl_tuning": 200002.0,
      "mean_q_tilt_tail_share": 0.0029687500000000005,
      "mean_ess": 2261.3976577806325,
      "mean_acceptance_rate": 0.6426566666666668,
      "mean_zero_rate": 0.0,
      "mean_weight_cv": 8.368451959250672,
      "mean_samc_max_rel_freq_error": NaN,
      "beta": 2.453125,
      "sigma_t": 1.5479456213906027,
      "proposal_size": 1,
      "n_swap_pairs": 1,
      "log10_q_multiplier": -0.9302915899707178,
      "q_multiplier": 0.11741089808845882,
      "q_target": 0.024916440223237257,
      "q_trial": 0.0029254616237776856,
      "q_trial_raw": 0.0029254616237776856,
      "q_clipped": 0,
      "mean_tail_hits": 475.0,
      "objective_oracle_rmse": 2.669630757674288e-08,
      "objective_oracle_abs_log10": 0.028366158738797036,
      "objective_diag_selection_objective_p0": 6.1675541683047314e-15,
      "objective_diag_variance_estimate": 6.204562843346992e-15,
      "objective_diag_repeat_stability": 3.378889291770191e-17,
      "selected_objective": "oracle_abs_log10",
      "selected_objective_value": 0.028366158738797036
    },
    "diag_selection_objective_p0": {
      "trial_number": 2,
      "n_runs": 3,
      "exact_p": 3.8542863904376695e-07,
      "mean_estimate": 0.0,
      "median_estimate": 0.0,
      "bias": -3.8542863904376695e-07,
      "rel_bias": -1.0,
      "rmse": 3.8542863904376695e-07,
      "mean_abs_log10_error": NaN,
      "empirical_var": 0.0,
      "mean_variance_estimate": NaN,
      "var_calibration_ratio": NaN,
      "mean_wall_time_sec": 24.515461819362827,
      "mean_eval_excl_tuning": 200002.0,
      "mean_eval_incl_tuning": 200002.0,
      "mean_q_tilt_tail_share": 0.0,
      "mean_ess": 51848.582984999,
      "mean_acceptance_rate": 0.5975466666666667,
      "mean_zero_rate": 1.0,
      "mean_weight_cv": 1.4447602733396196,
      "mean_samc_max_rel_freq_error": NaN,
      "beta": 1.068359375,
      "sigma_t": 1.5479456213906027,
      "proposal_size": 7,
      "n_swap_pairs": 7,
      "log10_q_multiplier": -2.804135756251659,
      "q_multiplier": 0.0015698720008341163,
      "q_target": 0.024916440223237257,
      "q_trial": 3.9115621866917126e-05,
      "q_trial_raw": 3.9115621866917126e-05,
      "q_clipped": 0,
      "mean_tail_hits": 0.0,
      "objective_oracle_rmse": 3.8542863904376695e-07,
      "objective_oracle_abs_log10": Infinity,
      "objective_diag_selection_objective_p0": 9.729779886547979e-18,
      "objective_diag_variance_estimate": Infinity,
      "objective_diag_repeat_stability": Infinity,
      "selected_objective": "diag_selection_objective_p0",
      "selected_objective_value": 9.729779886547979e-18
    },
    "diag_variance_estimate": {
      "trial_number": 24,
      "n_runs": 3,
      "exact_p": 3.8542863904376695e-07,
      "mean_estimate": 9.806481521185338e-08,
      "median_estimate": 6.792038933554131e-08,
      "bias": -2.8736382383191357e-07,
      "rel_bias": -0.7455694640254334,
      "rmse": 2.9673994994177297e-07,
      "mean_abs_log10_error": 0.7347683576401817,
      "empirical_var": 8.214945966220302e-15,
      "mean_variance_estimate": 7.81991041301572e-15,
      "var_calibration_ratio": 1.0505166341224412,
      "mean_wall_time_sec": 26.05393155532268,
      "mean_eval_excl_tuning": 200002.0,
      "mean_eval_incl_tuning": 200002.0,
      "mean_q_tilt_tail_share": 0.00039791666666666664,
      "mean_ess": 1277.1571780114373,
      "mean_acceptance_rate": 0.28362499999999996,
      "mean_zero_rate": 0.0,
      "mean_weight_cv": 12.484119584118117,
      "mean_samc_max_rel_freq_error": NaN,
      "beta": 2.208984375,
      "sigma_t": 1.5479456213906027,
      "proposal_size": 7,
      "n_swap_pairs": 7,
      "log10_q_multiplier": -1.2043286412522012,
      "q_multiplier": 0.06246997882664457,
      "q_target": 0.024916440223237257,
      "q_trial": 0.0015565294931809864,
      "q_trial_raw": 0.0015565294931809864,
      "q_clipped": 0,
      "mean_tail_hits": 63.666666666666664,
      "objective_oracle_rmse": 2.9673994994177297e-07,
      "objective_oracle_abs_log10": 0.7347683576401817,
      "objective_diag_selection_objective_p0": 8.243167031789399e-15,