{
  "scenario_display": "Difference in means on nonlinear numeric X=i^2, n=40.",
  "exact_p": 8.124977898155825e-09,
  "notebook_config": {
    "FAST_MODE": false,
    "SCENARIO_KEYS_TO_RUN": [
      "hypergeom_1e7",
      "gwas_additive_score_n40",
      "linear_stat_dp_n40",
      "bruteforce_welch_nonextreme_n22"
    ],
    "Q_LOG10_BOUNDS": [
      -3.0,
      3.0
    ],
    "TRIALS_PER_SCENARIO": 64,
    "TRIAL_REPEATS": 3,
    "TRIAL_BUDGET": 200000,
    "FINAL_REPEATS": 7,
    "FINAL_ESTIMATION_POINTS": [
      333000,
      1000000,
      2500000,
      5000000,
      10000000
    ],
    "N_JOBS": 7,
    "BASE_SEED": 31415,
    "PRODUCTION_BASELINE_ROOT": "/Users/noamchowers/Documents/University/Thesis/Code/MCMCIS/results/cross_method_notebook/20260307_150041_cross_method"
  },
  "trial_context": {
    "exact_p": 8.124977898155825e-09,
    "p0_for_qtarget": 8.124977898155825e-09,
    "q_target": 0.009494138154016053,
    "sigma_t": 156.50997416752645,
    "pilot_samples": 20000,
    "q_log10_bounds": [
      -3.0,
      3.0
    ],
    "q_clip_min": 1e-06,
    "q_clip_max": 0.95,
    "trials_per_scenario": 64,
    "trial_repeats": 3,
    "trial_budget": 200000,
    "n_swap_pairs_min": 1,
    "n_swap_pairs_max": 10,
    "sampler": "RandomSampler",
    "study_direction": "minimize",
    "study_anchor_objective": "objective_oracle_rmse",
    "study_name": "no-name-f7beab53-1180-4293-bb75-2606769e91ae"
  },
  "objective_best": {
    "oracle_rmse": {
      "trial_number": 2,
      "n_runs": 3,
      "exact_p": 8.124977898155825e-09,
      "mean_estimate": 8.346235227323896e-09,
      "median_estimate": 7.84355447672451e-09,
      "bias": 2.2125732916807097e-10,
      "rel_bias": 0.027231745358752432,
      "rmse": 1.5345091580900934e-09,
      "mean_abs_log10_error": 0.06691350284711935,
      "empirical_var": 3.4586453258276696e-18,
      "mean_variance_estimate": 1.865095818245252e-17,
      "var_calibration_ratio": 0.18544062412201884,
      "mean_wall_time_sec": 13.91141444464059,
      "mean_eval_excl_tuning": 200002.0,
      "mean_eval_incl_tuning": 200002.0,
      "mean_q_tilt_tail_share": 0.0014583333333333334,
      "mean_ess": 101.71165956109866,
      "mean_acceptance_rate": 0.18750333333333336,
      "mean_zero_rate": 0.0,
      "mean_weight_cv": 46.565707087115676,
      "mean_samc_max_rel_freq_error": NaN,
      "beta": 3.9921875,
      "sigma_t": 156.50997416752645,
      "proposal_size": 3,
      "n_swap_pairs": 3,
      "log10_q_multiplier": -0.6392923999967182,
      "q_multiplier": 0.2294603226931085,
      "q_target": 0.009494138154016053,
      "q_trial": 0.002178528004513477,
      "q_trial_raw": 0.002178528004513477,
      "q_clipped": 0,
      "mean_tail_hits": 233.33333333333334,
      "objective_oracle_rmse": 1.5345091580900934e-09,
      "objective_oracle_abs_log10": 0.06691350284711935,
      "objective_diag_selection_objective_p0": 1.8473077801779357e-17,
      "objective_diag_variance_estimate": 1.693104152300868e-17,
      "objective_diag_repeat_stability": 2.3057635505517797e-18,
      "selected_objective": "oracle_rmse",
      "selected_objective_value": 1.5345091580900934e-09
    },
    "oracle_abs_log10": {
      "trial_number": 2,
      "n_runs": 3,
      "exact_p": 8.124977898155825e-09,
      "mean_estimate": 8.346235227323896e-09,
      "median_estimate": 7.84355447672451e-09,
      "bias": 2.2125732916807097e-10,
      "rel_bias": 0.027231745358752432,
      "rmse": 1.5345091580900934e-09,
      "mean_abs_log10_error": 0.06691350284711935,
      "empirical_var": 3.4586453258276696e-18,
      "mean_variance_estimate": 1.865095818245252e-17,
      "var_calibration_ratio": 0.18544062412201884,
      "mean_wall_time_sec": 13.91141444464059,
      "mean_eval_excl_tuning": 200002.0,
      "mean_eval_incl_tuning": 200002.0,
      "mean_q_tilt_tail_share": 0.0014583333333333334,
      "mean_ess": 101.71165956109866,
      "mean_acceptance_rate": 0.18750333333333336,
      "mean_zero_rate": 0.0,
      "mean_weight_cv": 46.565707087115676,
      "mean_samc_max_rel_freq_error": NaN,
      "beta": 3.9921875,
      "sigma_t": 156.50997416752645,
      "proposal_size": 3,
      "n_swap_pairs": 3,
      "log10_q_multiplier": -0.6392923999967182,
      "q_multiplier": 0.2294603226931085,
      "q_target": 0.009494138154016053,
      "q_trial": 0.002178528004513477,
      "q_trial_raw": 0.002178528004513477,
      "q_clipped": 0,
      "mean_tail_hits": 233.33333333333334,
      "objective_oracle_rmse": 1.5345091580900934e-09,
      "objective_oracle_abs_log10": 0.06691350284711935,
      "objective_diag_selection_objective_p0": 1.8473077801779357e-17,
      "objective_diag_variance_estimate": 1.693104152300868e-17,
      "objective_diag_repeat_stability": 2.3057635505517797e-18,
      "selected_objective": "oracle_abs_log10",
      "selected_objective_value": 0.06691350284711935
    },
    "diag_selection_objective_p0": {
      "trial_number": 29,
      "n_runs": 3,
      "exact_p": 8.124977898155825e-09,
      "mean_estimate": 0.0,
      "median_estimate": 0.0,
      "bias": -8.124977898155825e-09,
      "rel_bias": -1.0,
      "rmse": 8.124977898155825e-09,
      "mean_abs_log10_error": NaN,
      "empirical_var": 0.0,
      "mean_variance_estimate": NaN,
      "var_calibration_ratio": NaN,
      "mean_wall_time_sec": 30.58923501370009,
      "mean_eval_excl_tuning": 200002.0,
      "mean_eval_incl_tuning": 200002.0,
      "mean_q_tilt_tail_share": 0.0,
      "mean_ess": 6002.19901313747,
      "mean_acceptance_rate": 0.3364566666666667,
      "mean_zero_rate": 1.0,
      "mean_weight_cv": 5.09825745873097,
      "mean_samc_max_rel_freq_error": NaN,
      "beta": 1.8427734375,
      "sigma_t": 156.50997416752645,
      "proposal_size": 8,
      "n_swap_pairs": 8,
      "log10_q_multiplier": -2.9324362903253434,
      "q_multiplier": 0.0011683251070172354,
      "q_target": 0.009494138154016053,
      "q_trial": 1.1092239974827222e-05,
      "q_trial_raw": 1.1092239974827222e-05,
      "q_clipped": 0,
      "mean_tail_hits": 0.0,
      "objective_oracle_rmse": 8.124977898155825e-09,
      "objective_oracle_abs_log10": Infinity,
      "objective_diag_selection_objective_p0": 3.793568274396711e-20,
      "objective_diag_variance_estimate": Infinity,
      "objective_diag_repeat_stability": Infinity,
      "selected_objective": "diag_selection_objective_p0",
      "selected_objective_value": 3.793568274396711e-20
    },
    "diag_variance_estimate": {
      "trial_number": 16,
      "n_runs": 3,
      "exact_p": 8.124977898155825e-09,
      "mean_estimate": 5.563299725417486e-10,
      "median_estimate": 0.0,
      "bias": -7.568647925614076e-09,
      "rel_bias": -0.9315284325058875,
      "rmse": 7.609430826191856e-09,
      "mean_abs_log10_error": 0.6873684751572675,
      "empirical_var": 9.285091150449083e-19,
      "mean_variance_estimate": 2.981329618435399e-18,
      "var_calibration_ratio": 0.3114412808645391,
      "mean_wall_time_sec": 23.891996263642795,
      "mean_eval_excl_tuning": 200002.0,
      "mean_eval_incl_tuning": 200002.0,
      "mean_q_tilt_tail_share": 0.00025625,
      "mean_ess": 44.73081938581453,
      "mean_acceptance_rate": 0.054634999999999996,
      "mean_zero_rate": 0.6666666666666666,
      "mean_weight_cv": 66.52913640582629,
      "mean_samc_max_rel_freq_error": NaN,
      "beta": 4.5654296875,
      "sigma_t": 156.50997416752645,
      "proposal_size": 6,
      "n_swap_pairs": 6,
      "log10_q_multiplier": -0.16829371991421138,
      "q_multiplier": 0.6787444322467766,
      "q_target": 0.009494138154016053,
      "q_trial": 0.006444093411020086,
      "q_trial_raw": 0.006444093411020086,
      "q_clipped": 0,
      "mean_tail_hits": 41.0,
      "objective_oracle_rmse": 7.609430826191856e-09,
      "objective_oracle_abs_log10": Infinity,
      "objective_diag_selection_objective_p0": 1.1399974391457103e-17,
      "objective_diag_variance_estimate": 2.981329618435399e-18,